{
  "random_forest": {
    "rmse": 10.014289162429689,
    "mae": 7.874219918801381,
    "r2": 0.3580135085042869
  },
  "gradient_boosting": {
    "rmse": 9.92755290876288,
    "mae": 7.7793283705164376,
    "r2": 0.36908615838088177
  }
}